,,"Not used:","c_sr_score ","c_sr_pct","c_waste","c_waste_change",,,,,,,
,,,,,,,,,,,,,
"Was","c_org_code","name","account_type","c_SDMP","C_Adaptation","c_gcc","c_nrg","c_nrg_fte","c_water","c_water_fte",,"c_on_track_34_pct","c_healthy_tp"
,0,1,2,3,4,5,6,7,8,9,10,11,12
"New","c_org_code","name","account_type","c_SDMP","C_Adaptation","c_new_SDAT_score","c_new_core_perFTE","c_new_core_perFTE_change","c_water","c_water_fte","c_new_landfill_prt","c_on_track_34_pct","c_healthy_tp"
,"Code","Org/Region","Org type","SDMP","Adaptation Plans","SDAT score (%)","Core carbon emissions per FTE","Core carbon emissions per FTE % change (2013/14 baseline)","Water usageï¿½per FTE change from 2013/14","Water use m3 per FTE","2017/18 waste not going directly to landfill","On track for 34% reduction","Healthy travel plan"
,"02N","NHS AIREDALE, WHARFEDALE AND CRAVEN CCG","CCG","No","Provider data only","SDAT not used","Provider data only","Provider data only","Provider data only","Provider data only","Provider data only","Provider data only","Provider data only"
,"09C","NHS ASHFORD CCG","CCG","No","Provider data only","SDAT not used","Provider data only","Provider data only","Provider data only","Provider data only","Provider data only","Provider data only","Provider data only"
,"07L","NHS BARKING AND DAGENHAM CCG","CCG","No","Provider data only","SDAT not used","Provider data only","Provider data only","Provider data only","Provider data only","Provider data only","Provider data only","Provider data only"
,"07M","NHS BARNET CCG","CCG","No","Provider data only","SDAT not used","Provider data only","Provider data only","Provider data only","Provider data only","Provider data only","Provider data only","Provider data only"
,"02P","NHS BARNSLEY CCG","CCG","No","Provider data only","SDAT not used","Provider data only","Provider data only","Provider data only","Provider data only","Provider data only","Provider data only","Provider data only"
,"99E","NHS BASILDON AND BRENTWOOD CCG","CCG","No","Provider data only","SDAT not used","Provider data only","Provider data only","Provider data only","Provider data only","Provider data only","Provider data only","Provider data only"
,"02Q","NHS BASSETLAW CCG","CCG","Yes","Provider data only","Unpublished","Provider data only","Provider data only","Provider data only","Provider data only","Provider data only","Provider data only","Provider data only"
,"11E","NHS BATH AND NORTH EAST SOMERSET CCG","CCG","Yes","Provider data only","SDAT not used","Provider data only","Provider data only","Provider data only","Provider data only","Provider data only","Provider data only","Provider data only"
,"06F","NHS BEDFORDSHIRE CCG","CCG","No","Provider data only","SDAT not used","Provider data only","Provider data only","Provider data only","Provider data only","Provider data only","Provider data only","Provider data only"
,"15A","NHS BERKSHIRE WEST CCG","CCG","No","Provider data only","SDAT not used","Provider data only","Provider data only","Provider data only","Provider data only","Provider data only","Provider data only","Provider data only"
,"07N","NHS BEXLEY CCG","CCG","No","Provider data only","SDAT not used","Provider data only","Provider data only","Provider data only","Provider data only","Provider data only","Provider data only","Provider data only"
,"15E","NHS BIRMINGHAM AND SOLIHULL CCG","CCG","No","Provider data only","SDAT not used","Provider data only","Provider data only","Provider data only","Provider data only","Provider data only","Provider data only","Provider data only"
,"00Q","NHS BLACKBURN WITH DARWEN CCG","CCG","No","Provider data only","Unpublished","Provider data only","Provider data only","Provider data only","Provider data only","Provider data only","Provider data only","Provider data only"
,"00R","NHS BLACKPOOL CCG","CCG","No","Provider data only","SDAT not used","Provider data only","Provider data only","Provider data only","Provider data only","Provider data only","Provider data only","Provider data only"
,"00T","NHS BOLTON CCG","CCG","No","Provider data only","SDAT not used","Provider data only","Provider data only","Provider data only","Provider data only","Provider data only","Provider data only","Provider data only"
,"02W","NHS BRADFORD CITY CCG","CCG","No","Provider data only","SDAT not used","Provider data only","Provider data only","Provider data only","Provider data only","Provider data only","Provider data only","Provider data only"
,"02R","NHS BRADFORD DISTRICTS CCG","CCG","No","Provider data only","SDAT not used","Provider data only","Provider data only","Provider data only","Provider data only","Provider data only","Provider data only","Provider data only"
,"07P","NHS BRENT CCG","CCG","No","Provider data only","SDAT not used","Provider data only","Provider data only","Provider data only","Provider data only","Provider data only","Provider data only","Provider data only"
,"09D","NHS BRIGHTON AND HOVE CCG","CCG","Yes","Provider data only","SDAT not used","Provider data only","Provider data only","Provider data only","Provider data only","Provider data only","Provider data only","Provider data only"
,"15C","NHS BRISTOL, NORTH SOMERSET AND SOUTH GLOUCESTERSHIRE CCG","CCG","No","Provider data only","SDAT not used","Provider data only","Provider data only","Provider data only","Provider data only","Provider data only","Provider data only","Provider data only"
,"07Q","NHS BROMLEY CCG","CCG","Yes","Provider data only","SDAT not used","Provider data only","Provider data only","Provider data only","Provider data only","Provider data only","Provider data only","Provider data only"
,"14Y","NHS BUCKINGHAMSHIRE CCG","CCG","No","Provider data only","SDAT not used","Provider data only","Provider data only","Provider data only","Provider data only","Provider data only","Provider data only","Provider data only"
,"00V","NHS BURY CCG","CCG","Yes","Provider data only","Unpublished","Provider data only","Provider data only","Provider data only","Provider data only","Provider data only","Provider data only","Provider data only"
,"02T","NHS CALDERDALE CCG","CCG","Yes","Provider data only","SDAT not used","Provider data only","Provider data only","Provider data only","Provider data only","Provider data only","Provider data only","Provider data only"
,"06H","NHS CAMBRIDGESHIRE AND PETERBOROUGH CCG","CCG","Yes","Provider data only","SDAT not used","Provider data only","Provider data only","Provider data only","Provider data only","Provider data only","Provider data only","Provider data only"
,"07R","NHS CAMDEN CCG","CCG","No","Provider data only","SDAT not used","Provider data only","Provider data only","Provider data only","Provider data only","Provider data only","Provider data only","Provider data only"
,"04Y","NHS CANNOCK CHASE CCG","CCG","No","Provider data only","SDAT not used","Provider data only","Provider data only","Provider data only","Provider data only","Provider data only","Provider data only","Provider data only"
,"09E","NHS CANTERBURY AND COASTAL CCG","CCG","No","Provider data only","SDAT not used","Provider data only","Provider data only","Provider data only","Provider data only","Provider data only","Provider data only","Provider data only"
,"99F","NHS CASTLE POINT AND ROCHFORD CCG","CCG","No","Provider data only","Unpublished","Provider data only","Provider data only","Provider data only","Provider data only","Provider data only","Provider data only","Provider data only"
,"09A","NHS CENTRAL LONDON (WESTMINSTER) CCG","CCG","No","Provider data only","SDAT not used","Provider data only","Provider data only","Provider data only","Provider data only","Provider data only","Provider data only","Provider data only"
,"00X","NHS CHORLEY AND SOUTH RIBBLE CCG","CCG","No","Provider data only","SDAT not used","Provider data only","Provider data only","Provider data only","Provider data only","Provider data only","Provider data only","Provider data only"
,"07T","NHS CITY AND HACKNEY CCG","CCG","Yes","Provider data only","SDAT not used","Provider data only","Provider data only","Provider data only","Provider data only","Provider data only","Provider data only","Provider data only"
,"09G","NHS COASTAL WEST SUSSEX CCG","CCG","No","Provider data only","SDAT not used","Provider data only","Provider data only","Provider data only","Provider data only","Provider data only","Provider data only","Provider data only"
,"03V","NHS CORBY CCG","CCG","No","Provider data only","SDAT not used","Provider data only","Provider data only","Provider data only","Provider data only","Provider data only","Provider data only","Provider data only"
,"05A","NHS COVENTRY AND RUGBY CCG","CCG","No","Provider data only","SDAT not used","Provider data only","Provider data only","Provider data only","Provider data only","Provider data only","Provider data only","Provider data only"
,"09H","NHS CRAWLEY CCG","CCG","No","Provider data only","SDAT not used","Provider data only","Provider data only","Provider data only","Provider data only","Provider data only","Provider data only","Provider data only"
,"07V","NHS CROYDON CCG","CCG","No","Provider data only","SDAT not used","Provider data only","Provider data only","Provider data only","Provider data only","Provider data only","Provider data only","Provider data only"
,"00C","NHS DARLINGTON CCG","CCG","No","Provider data only","SDAT not used","Provider data only","Provider data only","Provider data only","Provider data only","Provider data only","Provider data only","Provider data only"
,"09J","NHS DARTFORD, GRAVESHAM AND SWANLEY CCG","CCG","Yes","Provider data only","SDAT not used","Provider data only","Provider data only","Provider data only","Provider data only","Provider data only","Provider data only","Provider data only"
,"02X","NHS DONCASTER CCG","CCG","Yes","Provider data only","SDAT not used","Provider data only","Provider data only","Provider data only","Provider data only","Provider data only","Provider data only","Provider data only"
,"11J","NHS DORSET CCG","CCG","Yes","Provider data only","Unpublished","Provider data only","Provider data only","Provider data only","Provider data only","Provider data only","Provider data only","Provider data only"
,"05C","NHS DUDLEY CCG","CCG","No","Provider data only","SDAT not used","Provider data only","Provider data only","Provider data only","Provider data only","Provider data only","Provider data only","Provider data only"
,"00D","NHS DURHAM DALES, EASINGTON AND SEDGEFIELD CCG","CCG","No","Provider data only","SDAT not used","Provider data only","Provider data only","Provider data only","Provider data only","Provider data only","Provider data only","Provider data only"
,"07W","NHS EALING CCG","CCG","No","Provider data only","SDAT not used","Provider data only","Provider data only","Provider data only","Provider data only","Provider data only","Provider data only","Provider data only"
,"06K","NHS EAST AND NORTH HERTFORDSHIRE CCG","CCG","Yes","Provider data only","SDAT not used","Provider data only","Provider data only","Provider data only","Provider data only","Provider data only","Provider data only","Provider data only"
,"15D","NHS EAST BERKSHIRE CCG","CCG","No","Provider data only","SDAT not used","Provider data only","Provider data only","Provider data only","Provider data only","Provider data only","Provider data only","Provider data only"
,"01A","NHS EAST LANCASHIRE CCG","CCG","No","Provider data only","SDAT not used","Provider data only","Provider data only","Provider data only","Provider data only","Provider data only","Provider data only","Provider data only"
,"03W","NHS EAST LEICESTERSHIRE AND RUTLAND CCG","CCG","No","Provider data only","SDAT not used","Provider data only","Provider data only","Provider data only","Provider data only","Provider data only","Provider data only","Provider data only"
,"02Y","NHS EAST RIDING OF YORKSHIRE CCG","CCG","Yes","Provider data only","SDAT not used","Provider data only","Provider data only","Provider data only","Provider data only","Provider data only","Provider data only","Provider data only"
,"05D","NHS EAST STAFFORDSHIRE CCG","CCG","Yes","Provider data only","SDAT not used","Provider data only","Provider data only","Provider data only","Provider data only","Provider data only","Provider data only","Provider data only"
,"09L","NHS EAST SURREY CCG","CCG","No","Provider data only","SDAT not used","Provider data only","Provider data only","Provider data only","Provider data only","Provider data only","Provider data only","Provider data only"
,"09F","NHS EASTBOURNE, HAILSHAM AND SEAFORD CCG","CCG","No","Provider data only","SDAT not used","Provider data only","Provider data only","Provider data only","Provider data only","Provider data only","Provider data only","Provider data only"
,"01C","NHS EASTERN CHESHIRE CCG","CCG","No","Provider data only","SDAT not used","Provider data only","Provider data only","Provider data only","Provider data only","Provider data only","Provider data only","Provider data only"
,"07X","NHS ENFIELD CCG","CCG","No","Provider data only","Unpublished","Provider data only","Provider data only","Provider data only","Provider data only","Provider data only","Provider data only","Provider data only"
,"03X","NHS EREWASH CCG","CCG","No","Provider data only","SDAT not used","Provider data only","Provider data only","Provider data only","Provider data only","Provider data only","Provider data only","Provider data only"
,"10K","NHS FAREHAM AND GOSPORT CCG","CCG","No","Provider data only","SDAT not used","Provider data only","Provider data only","Provider data only","Provider data only","Provider data only","Provider data only","Provider data only"
,"02M","NHS FYLDE AND WYRE CCG","CCG","No","Provider data only","SDAT not used","Provider data only","Provider data only","Provider data only","Provider data only","Provider data only","Provider data only","Provider data only"
,"11M","NHS GLOUCESTERSHIRE CCG","CCG","No","Provider data only","SDAT not used","Provider data only","Provider data only","Provider data only","Provider data only","Provider data only","Provider data only","Provider data only"
,"06M","NHS GREAT YARMOUTH AND WAVENEY CCG","CCG","No","Provider data only","SDAT not used","Provider data only","Provider data only","Provider data only","Provider data only","Provider data only","Provider data only","Provider data only"
,"03A","NHS GREATER HUDDERSFIELD CCG","CCG","Yes","Provider data only","Unpublished","Provider data only","Provider data only","Provider data only","Provider data only","Provider data only","Provider data only","Provider data only"
,"01E","NHS GREATER PRESTON CCG","CCG","No","Provider data only","SDAT not used","Provider data only","Provider data only","Provider data only","Provider data only","Provider data only","Provider data only","Provider data only"
,"08A","NHS GREENWICH CCG","CCG","No","Provider data only","SDAT not used","Provider data only","Provider data only","Provider data only","Provider data only","Provider data only","Provider data only","Provider data only"
,"09N","NHS GUILDFORD AND WAVERLEY CCG","CCG","No","Provider data only","Unpublished","Provider data only","Provider data only","Provider data only","Provider data only","Provider data only","Provider data only","Provider data only"
,"01F","NHS HALTON CCG","CCG","Yes","Provider data only","SDAT not used","Provider data only","Provider data only","Provider data only","Provider data only","Provider data only","Provider data only","Provider data only"
,"03D","NHS HAMBLETON, RICHMONDSHIRE AND WHITBY CCG","CCG","No","Provider data only","SDAT not used","Provider data only","Provider data only","Provider data only","Provider data only","Provider data only","Provider data only","Provider data only"
,"08C","NHS HAMMERSMITH AND FULHAM CCG","CCG","No","Provider data only","SDAT not used","Provider data only","Provider data only","Provider data only","Provider data only","Provider data only","Provider data only","Provider data only"
,"03Y","NHS HARDWICK CCG","CCG","No","Provider data only","SDAT not used","Provider data only","Provider data only","Provider data only","Provider data only","Provider data only","Provider data only","Provider data only"
,"08D","NHS HARINGEY CCG","CCG","No","Provider data only","SDAT not used","Provider data only","Provider data only","Provider data only","Provider data only","Provider data only","Provider data only","Provider data only"
,"03E","NHS HARROGATE AND RURAL DISTRICT CCG","CCG","Yes","Provider data only","Unpublished","Provider data only","Provider data only","Provider data only","Provider data only","Provider data only","Provider data only","Provider data only"
,"08E","NHS HARROW CCG","CCG","No","Provider data only","SDAT not used","Provider data only","Provider data only","Provider data only","Provider data only","Provider data only","Provider data only","Provider data only"
,"00K","NHS HARTLEPOOL AND STOCKTON-ON-TEES CCG","CCG","No","Provider data only","SDAT not used","Provider data only","Provider data only","Provider data only","Provider data only","Provider data only","Provider data only","Provider data only"
,"09P","NHS HASTINGS AND ROTHER CCG","CCG","No","Provider data only","SDAT not used","Provider data only","Provider data only","Provider data only","Provider data only","Provider data only","Provider data only","Provider data only"
,"08F","NHS HAVERING CCG","CCG","No","Provider data only","SDAT not used","Provider data only","Provider data only","Provider data only","Provider data only","Provider data only","Provider data only","Provider data only"
,"05F","NHS HEREFORDSHIRE CCG","CCG","Yes","Provider data only","Unpublished","Provider data only","Provider data only","Provider data only","Provider data only","Provider data only","Provider data only","Provider data only"
,"06N","NHS HERTS VALLEYS CCG","CCG","Yes","Provider data only","SDAT not used","Provider data only","Provider data only","Provider data only","Provider data only","Provider data only","Provider data only","Provider data only"
,"01D","NHS HEYWOOD, MIDDLETON AND ROCHDALE CCG","CCG","Yes","Provider data only","51%","Provider data only","Provider data only","Provider data only","Provider data only","Provider data only","Provider data only","Provider data only"
,"99K","NHS HIGH WEALD LEWES HAVENS CCG","CCG","No","Provider data only","SDAT not used","Provider data only","Provider data only","Provider data only","Provider data only","Provider data only","Provider data only","Provider data only"
,"08G","NHS HILLINGDON CCG","CCG","No","Provider data only","SDAT not used","Provider data only","Provider data only","Provider data only","Provider data only","Provider data only","Provider data only","Provider data only"
,"09X","NHS HORSHAM AND MID SUSSEX CCG","CCG","No","Provider data only","SDAT not used","Provider data only","Provider data only","Provider data only","Provider data only","Provider data only","Provider data only","Provider data only"
,"07Y","NHS HOUNSLOW CCG","CCG","No","Provider data only","SDAT not used","Provider data only","Provider data only","Provider data only","Provider data only","Provider data only","Provider data only","Provider data only"
,"03F","NHS HULL CCG","CCG","No","Provider data only","Unpublished","Provider data only","Provider data only","Provider data only","Provider data only","Provider data only","Provider data only","Provider data only"
,"06L","NHS IPSWICH AND EAST SUFFOLK CCG","CCG","No","Provider data only","SDAT not used","Provider data only","Provider data only","Provider data only","Provider data only","Provider data only","Provider data only","Provider data only"
,"10L","NHS ISLE OF WIGHT CCG","CCG","Yes","Provider data only","SDAT not used","Provider data only","Provider data only","Provider data only","Provider data only","Provider data only","Provider data only","Provider data only"
,"08H","NHS ISLINGTON CCG","CCG","No","Provider data only","SDAT not used","Provider data only","Provider data only","Provider data only","Provider data only","Provider data only","Provider data only","Provider data only"
,"11N","NHS KERNOW CCG","CCG","No","Provider data only","SDAT not used","Provider data only","Provider data only","Provider data only","Provider data only","Provider data only","Provider data only","Provider data only"
,"08J","NHS KINGSTON CCG","CCG","No","Provider data only","SDAT not used","Provider data only","Provider data only","Provider data only","Provider data only","Provider data only","Provider data only","Provider data only"
,"01J","NHS KNOWSLEY CCG","CCG","Yes","Provider data only","SDAT not used","Provider data only","Provider data only","Provider data only","Provider data only","Provider data only","Provider data only","Provider data only"
,"08K","NHS LAMBETH CCG","CCG","Yes","Provider data only","SDAT not used","Provider data only","Provider data only","Provider data only","Provider data only","Provider data only","Provider data only","Provider data only"
,"15F","NHS LEEDS CCG","CCG","Yes","Provider data only","Unpublished","Provider data only","Provider data only","Provider data only","Provider data only","Provider data only","Provider data only","Provider data only"
,"04C","NHS LEICESTER CITY CCG","CCG","No","Provider data only","SDAT not used","Provider data only","Provider data only","Provider data only","Provider data only","Provider data only","Provider data only","Provider data only"
,"08L","NHS LEWISHAM CCG","CCG","YES","Provider data only","SDAT not used","Provider data only","Provider data only","Provider data only","Provider data only","Provider data only","Provider data only","Provider data only"
,"03T","NHS LINCOLNSHIRE EAST CCG","CCG","No","Provider data only","SDAT not used","Provider data only","Provider data only","Provider data only","Provider data only","Provider data only","Provider data only","Provider data only"
,"04D","NHS LINCOLNSHIRE WEST CCG","CCG","No","Provider data only","SDAT not used","Provider data only","Provider data only","Provider data only","Provider data only","Provider data only","Provider data only","Provider data only"
,"99A","NHS LIVERPOOL CCG","CCG","Yes","Provider data only","SDAT not used","Provider data only","Provider data only","Provider data only","Provider data only","Provider data only","Provider data only","Provider data only"
,"06P","NHS LUTON CCG","CCG","No","Provider data only","SDAT not used","Provider data only","Provider data only","Provider data only","Provider data only","Provider data only","Provider data only","Provider data only"
,"14L","NHS MANCHESTER CCG","CCG","No","Provider data only","SDAT not used","Provider data only","Provider data only","Provider data only","Provider data only","Provider data only","Provider data only","Provider data only"
,"04E","NHS MANSFIELD AND ASHFIELD CCG","CCG","No","Provider data only","SDAT not used","Provider data only","Provider data only","Provider data only","Provider data only","Provider data only","Provider data only","Provider data only"
,"09W","NHS MEDWAY CCG","CCG","Yes","Provider data only","SDAT not used","Provider data only","Provider data only","Provider data only","Provider data only","Provider data only","Provider data only","Provider data only"
,"08R","NHS MERTON CCG","CCG","No","Provider data only","SDAT not used","Provider data only","Provider data only","Provider data only","Provider data only","Provider data only","Provider data only","Provider data only"
,"06Q","NHS MID ESSEX CCG","CCG","No","Provider data only","SDAT not used","Provider data only","Provider data only","Provider data only","Provider data only","Provider data only","Provider data only","Provider data only"
,"04F","NHS MILTON KEYNES CCG","CCG","Yes","Provider data only","SDAT not used","Provider data only","Provider data only","Provider data only","Provider data only","Provider data only","Provider data only","Provider data only"
,"01K","NHS MORECAMBE BAY CCG","CCG","No","Provider data only","SDAT not used","Provider data only","Provider data only","Provider data only","Provider data only","Provider data only","Provider data only","Provider data only"
,"04G","NHS NENE CCG","CCG","Yes","Provider data only","29%","Provider data only","Provider data only","Provider data only","Provider data only","Provider data only","Provider data only","Provider data only"
,"04H","NHS NEWARK AND SHERWOOD CCG","CCG","Yes","Provider data only","SDAT not used","Provider data only","Provider data only","Provider data only","Provider data only","Provider data only","Provider data only","Provider data only"
,"13T","NHS NEWCASTLE GATESHEAD CCG","CCG","No","Provider data only","SDAT not used","Provider data only","Provider data only","Provider data only","Provider data only","Provider data only","Provider data only","Provider data only"
,"08M","NHS NEWHAM CCG","CCG","No","Provider data only","SDAT not used","Provider data only","Provider data only","Provider data only","Provider data only","Provider data only","Provider data only","Provider data only"
,"01H","NHS NORTH CUMBRIA CCG","CCG","No","Provider data only","SDAT not used","Provider data only","Provider data only","Provider data only","Provider data only","Provider data only","Provider data only","Provider data only"
,"04J","NHS NORTH DERBYSHIRE CCG","CCG","No","Provider data only","SDAT not used","Provider data only","Provider data only","Provider data only","Provider data only","Provider data only","Provider data only","Provider data only"
,"00J","NHS NORTH DURHAM CCG","CCG","No","Provider data only","SDAT not used","Provider data only","Provider data only","Provider data only","Provider data only","Provider data only","Provider data only","Provider data only"
,"06T","NHS NORTH EAST ESSEX CCG","CCG","No","Provider data only","SDAT not used","Provider data only","Provider data only","Provider data only","Provider data only","Provider data only","Provider data only","Provider data only"
,"99M","NHS NORTH EAST HAMPSHIRE AND FARNHAM CCG","CCG","No","Provider data only","SDAT not used","Provider data only","Provider data only","Provider data only","Provider data only","Provider data only","Provider data only","Provider data only"
,"03H","NHS NORTH EAST LINCOLNSHIRE CCG","CCG","No","Provider data only","SDAT not used","Provider data only","Provider data only","Provider data only","Provider data only","Provider data only","Provider data only","Provider data only"
,"10J","NHS NORTH HAMPSHIRE CCG","CCG","No","Provider data only","SDAT not used","Provider data only","Provider data only","Provider data only","Provider data only","Provider data only","Provider data only","Provider data only"
,"03J","NHS NORTH KIRKLEES CCG","CCG","Yes","Provider data only","Unpublished","Provider data only","Provider data only","Provider data only","Provider data only","Provider data only","Provider data only","Provider data only"
,"03K","NHS NORTH LINCOLNSHIRE CCG","CCG","No","Provider data only","SDAT not used","Provider data only","Provider data only","Provider data only","Provider data only","Provider data only","Provider data only","Provider data only"
,"06V","NHS NORTH NORFOLK CCG","CCG","No","Provider data only","Unpublished","Provider data only","Provider data only","Provider data only","Provider data only","Provider data only","Provider data only","Provider data only"
,"05G","NHS NORTH STAFFORDSHIRE CCG","CCG","No","Provider data only","SDAT not used","Provider data only","Provider data only","Provider data only","Provider data only","Provider data only","Provider data only","Provider data only"
,"99C","NHS NORTH TYNESIDE CCG","CCG","No","Provider data only","SDAT not used","Provider data only","Provider data only","Provider data only","Provider data only","Provider data only","Provider data only","Provider data only"
,"09Y","NHS NORTH WEST SURREY CCG","CCG","No","Provider data only","SDAT not used","Provider data only","Provider data only","Provider data only","Provider data only","Provider data only","Provider data only","Provider data only"
,"99P","NHS NORTHERN, EASTERN AND WESTERN DEVON CCG","CCG","No","Provider data only","SDAT not used","Provider data only","Provider data only","Provider data only","Provider data only","Provider data only","Provider data only","Provider data only"
,"00L","NHS NORTHUMBERLAND CCG","CCG","No","Provider data only","SDAT not used","Provider data only","Provider data only","Provider data only","Provider data only","Provider data only","Provider data only","Provider data only"
,"06W","NHS NORWICH CCG","CCG","No","Provider data only","Unpublished","Provider data only","Provider data only","Provider data only","Provider data only","Provider data only","Provider data only","Provider data only"
,"04K","NHS NOTTINGHAM CITY CCG","CCG","No","Provider data only","SDAT not used","Provider data only","Provider data only","Provider data only","Provider data only","Provider data only","Provider data only","Provider data only"
,"04L","NHS NOTTINGHAM NORTH AND EAST CCG","CCG","No","Provider data only","SDAT not used","Provider data only","Provider data only","Provider data only","Provider data only","Provider data only","Provider data only","Provider data only"
,"04M","NHS NOTTINGHAM WEST CCG","CCG","Yes","Provider data only","SDAT not used","Provider data only","Provider data only","Provider data only","Provider data only","Provider data only","Provider data only","Provider data only"
,"00Y","NHS OLDHAM CCG","CCG","No","Provider data only","SDAT not used","Provider data only","Provider data only","Provider data only","Provider data only","Provider data only","Provider data only","Provider data only"
,"10Q","NHS OXFORDSHIRE CCG","CCG","No","Provider data only","Unpublished","Provider data only","Provider data only","Provider data only","Provider data only","Provider data only","Provider data only","Provider data only"
,"10R","NHS PORTSMOUTH CCG","CCG","No","Provider data only","SDAT not used","Provider data only","Provider data only","Provider data only","Provider data only","Provider data only","Provider data only","Provider data only"
,"08N","NHS REDBRIDGE CCG","CCG","No","Provider data only","SDAT not used","Provider data only","Provider data only","Provider data only","Provider data only","Provider data only","Provider data only","Provider data only"
,"05J","NHS REDDITCH AND BROMSGROVE CCG","CCG","No","Provider data only","SDAT not used","Provider data only","Provider data only","Provider data only","Provider data only","Provider data only","Provider data only","Provider data only"
,"08P","NHS RICHMOND CCG","CCG","No","Provider data only","SDAT not used","Provider data only","Provider data only","Provider data only","Provider data only","Provider data only","Provider data only","Provider data only"
,"03L","NHS ROTHERHAM CCG","CCG","No","Provider data only","SDAT not used","Provider data only","Provider data only","Provider data only","Provider data only","Provider data only","Provider data only","Provider data only"
,"04N","NHS RUSHCLIFFE CCG","CCG","No","Provider data only","SDAT not used","Provider data only","Provider data only","Provider data only","Provider data only","Provider data only","Provider data only","Provider data only"
,"01G","NHS SALFORD CCG","CCG","No","Provider data only","SDAT not used","Provider data only","Provider data only","Provider data only","Provider data only","Provider data only","Provider data only","Provider data only"
,"05L","NHS SANDWELL AND WEST BIRMINGHAM CCG","CCG","No","Provider data only","SDAT not used","Provider data only","Provider data only","Provider data only","Provider data only","Provider data only","Provider data only","Provider data only"
,"03M","NHS SCARBOROUGH AND RYEDALE CCG","CCG","Yes","Provider data only","Unpublished","Provider data only","Provider data only","Provider data only","Provider data only","Provider data only","Provider data only","Provider data only"
,"03N","NHS SHEFFIELD CCG","CCG","No","Provider data only","SDAT not used","Provider data only","Provider data only","Provider data only","Provider data only","Provider data only","Provider data only","Provider data only"
,"05N","NHS SHROPSHIRE CCG","CCG","No","Provider data only","SDAT not used","Provider data only","Provider data only","Provider data only","Provider data only","Provider data only","Provider data only","Provider data only"
,"11X","NHS SOMERSET CCG","CCG","No","Provider data only","SDAT not used","Provider data only","Provider data only","Provider data only","Provider data only","Provider data only","Provider data only","Provider data only"
,"01R","NHS SOUTH CHESHIRE CCG","CCG","No","Provider data only","SDAT not used","Provider data only","Provider data only","Provider data only","Provider data only","Provider data only","Provider data only","Provider data only"
,"99Q","NHS SOUTH DEVON AND TORBAY CCG","CCG","No","Provider data only","SDAT not used","Provider data only","Provider data only","Provider data only","Provider data only","Provider data only","Provider data only","Provider data only"
,"05Q","NHS SOUTH EAST STAFFORDSHIRE AND SEISDON PENINSULA CCG","CCG","No","Provider data only","SDAT not used","Provider data only","Provider data only","Provider data only","Provider data only","Provider data only","Provider data only","Provider data only"
,"10V","NHS SOUTH EASTERN HAMPSHIRE CCG","CCG","No","Provider data only","SDAT not used","Provider data only","Provider data only","Provider data only","Provider data only","Provider data only","Provider data only","Provider data only"
,"10A","NHS SOUTH KENT COAST CCG","CCG","No","Provider data only","SDAT not used","Provider data only","Provider data only","Provider data only","Provider data only","Provider data only","Provider data only","Provider data only"
,"99D","NHS SOUTH LINCOLNSHIRE CCG","CCG","Yes","Provider data only","SDAT not used","Provider data only","Provider data only","Provider data only","Provider data only","Provider data only","Provider data only","Provider data only"
,"06Y","NHS SOUTH NORFOLK CCG","CCG","No","Provider data only","Unpublished","Provider data only","Provider data only","Provider data only","Provider data only","Provider data only","Provider data only","Provider data only"
,"01T","NHS SOUTH SEFTON CCG","CCG","No","Provider data only","SDAT not used","Provider data only","Provider data only","Provider data only","Provider data only","Provider data only","Provider data only","Provider data only"
,"00M","NHS SOUTH TEES CCG","CCG","No","Provider data only","SDAT not used","Provider data only","Provider data only","Provider data only","Provider data only","Provider data only","Provider data only","Provider data only"
,"00N","NHS SOUTH TYNESIDE CCG","CCG","No","Provider data only","SDAT not used","Provider data only","Provider data only","Provider data only","Provider data only","Provider data only","Provider data only","Provider data only"
,"05R","NHS SOUTH WARWICKSHIRE CCG","CCG","No","Provider data only","SDAT not used","Provider data only","Provider data only","Provider data only","Provider data only","Provider data only","Provider data only","Provider data only"
,"04Q","NHS SOUTH WEST LINCOLNSHIRE CCG","CCG","No","Provider data only","SDAT not used","Provider data only","Provider data only","Provider data only","Provider data only","Provider data only","Provider data only","Provider data only"
,"05T","NHS SOUTH WORCESTERSHIRE CCG","CCG","No","Provider data only","SDAT not used","Provider data only","Provider data only","Provider data only","Provider data only","Provider data only","Provider data only","Provider data only"
,"10X","NHS SOUTHAMPTON CCG","CCG","Yes","Provider data only","30%","Provider data only","Provider data only","Provider data only","Provider data only","Provider data only","Provider data only","Provider data only"
,"99G","NHS SOUTHEND CCG","CCG","No","Provider data only","SDAT not used","Provider data only","Provider data only","Provider data only","Provider data only","Provider data only","Provider data only","Provider data only"
,"04R","NHS SOUTHERN DERBYSHIRE CCG","CCG","No","Provider data only","SDAT not used","Provider data only","Provider data only","Provider data only","Provider data only","Provider data only","Provider data only","Provider data only"
,"01V","NHS SOUTHPORT AND FORMBY CCG","CCG","No","Provider data only","SDAT not used","Provider data only","Provider data only","Provider data only","Provider data only","Provider data only","Provider data only","Provider data only"
,"08Q","NHS SOUTHWARK CCG","CCG","No","Provider data only","SDAT not used","Provider data only","Provider data only","Provider data only","Provider data only","Provider data only","Provider data only","Provider data only"
,"01X","NHS ST HELENS CCG","CCG","No","Provider data only","SDAT not used","Provider data only","Provider data only","Provider data only","Provider data only","Provider data only","Provider data only","Provider data only"
,"05V","NHS STAFFORD AND SURROUNDS CCG","CCG","No","Provider data only","SDAT not used","Provider data only","Provider data only","Provider data only","Provider data only","Provider data only","Provider data only","Provider data only"
,"01W","NHS STOCKPORT CCG","CCG","No","Provider data only","SDAT not used","Provider data only","Provider data only","Provider data only","Provider data only","Provider data only","Provider data only","Provider data only"
,"05W","NHS STOKE ON TRENT CCG","CCG","No","Provider data only","SDAT not used","Provider data only","Provider data only","Provider data only","Provider data only","Provider data only","Provider data only","Provider data only"
,"00P","NHS SUNDERLAND CCG","CCG","Yes","Provider data only","SDAT not used","Provider data only","Provider data only","Provider data only","Provider data only","Provider data only","Provider data only","Provider data only"
,"99H","NHS SURREY DOWNS CCG","CCG","No","Provider data only","SDAT not used","Provider data only","Provider data only","Provider data only","Provider data only","Provider data only","Provider data only","Provider data only"
,"10C","NHS SURREY HEATH CCG","CCG","No","Provider data only","SDAT not used","Provider data only","Provider data only","Provider data only","Provider data only","Provider data only","Provider data only","Provider data only"
,"08T","NHS SUTTON CCG","CCG","No","Provider data only","SDAT not used","Provider data only","Provider data only","Provider data only","Provider data only","Provider data only","Provider data only","Provider data only"
,"10D","NHS SWALE CCG","CCG","Yes","Provider data only","SDAT not used","Provider data only","Provider data only","Provider data only","Provider data only","Provider data only","Provider data only","Provider data only"
,"12D","NHS SWINDON CCG","CCG","No","Provider data only","SDAT not used","Provider data only","Provider data only","Provider data only","Provider data only","Provider data only","Provider data only","Provider data only"
,"01Y","NHS TAMESIDE AND GLOSSOP CCG","CCG","No","Provider data only","SDAT not used","Provider data only","Provider data only","Provider data only","Provider data only","Provider data only","Provider data only","Provider data only"
,"05X","NHS TELFORD AND WREKIN CCG","CCG","No","Provider data only","SDAT not used","Provider data only","Provider data only","Provider data only","Provider data only","Provider data only","Provider data only","Provider data only"
,"10E","NHS THANET CCG","CCG","No","Provider data only","SDAT not used","Provider data only","Provider data only","Provider data only","Provider data only","Provider data only","Provider data only","Provider data only"
,"07G","NHS THURROCK CCG","CCG","Yes","Provider data only","Unpublished","Provider data only","Provider data only","Provider data only","Provider data only","Provider data only","Provider data only","Provider data only"
,"08V","NHS TOWER HAMLETS CCG","CCG","No","Provider data only","SDAT not used","Provider data only","Provider data only","Provider data only","Provider data only","Provider data only","Provider data only","Provider data only"
,"02A","NHS TRAFFORD CCG","CCG","No","Provider data only","SDAT not used","Provider data only","Provider data only","Provider data only","Provider data only","Provider data only","Provider data only","Provider data only"
,"03Q","NHS VALE OF YORK CCG","CCG","Yes","Provider data only","SDAT not used","Provider data only","Provider data only","Provider data only","Provider data only","Provider data only","Provider data only","Provider data only"
,"02D","NHS VALE ROYAL CCG","CCG","No","Provider data only","SDAT not used","Provider data only","Provider data only","Provider data only","Provider data only","Provider data only","Provider data only","Provider data only"
,"03R","NHS WAKEFIELD CCG","CCG","No","Provider data only","SDAT not used","Provider data only","Provider data only","Provider data only","Provider data only","Provider data only","Provider data only","Provider data only"
,"05Y","NHS WALSALL CCG","CCG","No","Provider data only","SDAT not used","Provider data only","Provider data only","Provider data only","Provider data only","Provider data only","Provider data only","Provider data only"
,"08W","NHS WALTHAM FOREST CCG","CCG","Yes","Provider data only","SDAT not used","Provider data only","Provider data only","Provider data only","Provider data only","Provider data only","Provider data only","Provider data only"
,"08X","NHS WANDSWORTH CCG","CCG","No","Provider data only","SDAT not used","Provider data only","Provider data only","Provider data only","Provider data only","Provider data only","Provider data only","Provider data only"
,"02E","NHS WARRINGTON CCG","CCG","No","Provider data only","SDAT not used","Provider data only","Provider data only","Provider data only","Provider data only","Provider data only","Provider data only","Provider data only"
,"05H","NHS WARWICKSHIRE NORTH CCG","CCG","No","Provider data only","SDAT not used","Provider data only","Provider data only","Provider data only","Provider data only","Provider data only","Provider data only","Provider data only"
,"02F","NHS WEST CHESHIRE CCG","CCG","No","Provider data only","SDAT not used","Provider data only","Provider data only","Provider data only","Provider data only","Provider data only","Provider data only","Provider data only"
,"07H","NHS WEST ESSEX CCG","CCG","Yes","Provider data only","Unpublished","Provider data only","Provider data only","Provider data only","Provider data only","Provider data only","Provider data only","Provider data only"
,"11A","NHS WEST HAMPSHIRE CCG","CCG","No","Provider data only","SDAT not used","Provider data only","Provider data only","Provider data only","Provider data only","Provider data only","Provider data only","Provider data only"
,"99J","NHS WEST KENT CCG","CCG","No","Provider data only","SDAT not used","Provider data only","Provider data only","Provider data only","Provider data only","Provider data only","Provider data only","Provider data only"
,"02G","NHS WEST LANCASHIRE CCG","CCG","Yes","Provider data only","SDAT not used","Provider data only","Provider data only","Provider data only","Provider data only","Provider data only","Provider data only","Provider data only"
,"04V","NHS WEST LEICESTERSHIRE CCG","CCG","No","Provider data only","SDAT not used","Provider data only","Provider data only","Provider data only","Provider data only","Provider data only","Provider data only","Provider data only"
,"08Y","NHS WEST LONDON CCG","CCG","No","Provider data only","SDAT not used","Provider data only","Provider data only","Provider data only","Provider data only","Provider data only","Provider data only","Provider data only"
,"07J","NHS WEST NORFOLK CCG","CCG","YES","Provider data only","Unpublished","Provider data only","Provider data only","Provider data only","Provider data only","Provider data only","Provider data only","Provider data only"
,"07K","NHS WEST SUFFOLK CCG","CCG","No","Provider data only","SDAT not used","Provider data only","Provider data only","Provider data only","Provider data only","Provider data only","Provider data only","Provider data only"
,"02H","NHS WIGAN BOROUGH CCG","CCG","No","Provider data only","58%","Provider data only","Provider data only","Provider data only","Provider data only","Provider data only","Provider data only","Provider data only"
,"99N","NHS WILTSHIRE CCG","CCG","No","Provider data only","SDAT not used","Provider data only","Provider data only","Provider data only","Provider data only","Provider data only","Provider data only","Provider data only"
,"12F","NHS WIRRAL CCG","CCG","No","Provider data only","SDAT not used","Provider data only","Provider data only","Provider data only","Provider data only","Provider data only","Provider data only","Provider data only"
,"06A","NHS WOLVERHAMPTON CCG","CCG","Yes","Provider data only","SDAT not used","Provider data only","Provider data only","Provider data only","Provider data only","Provider data only","Provider data only","Provider data only"
,"06D","NHS WYRE FOREST CCG","CCG","No","Provider data only","SDAT not used","Provider data only","Provider data only","Provider data only","Provider data only","Provider data only","Provider data only","Provider data only"
,"RTQ","2GETHER NHS FOUNDATION TRUST","Mental Health and Learning Disability","Yes","No","SDAT not used",4.567825245,"-37%","0%",16.4,"0%","1. On track to meet target","No"
,"REM","AINTREE UNIVERSITY HOSPITAL NHS FOUNDATION TRUST","Acute - Medium","Yes","Yes","Unpublished",15.68297301,"-4%","4%",50.1,"4%","2. Target included but not on track to be met","Yes"
,"RCF","AIREDALE NHS FOUNDATION TRUST","Acute - Small","Yes","Yes","SDAT not used",8.531181737,"-33%","-11%",28.5,"-11%","1. On track to meet target","Yes"
,"RBS","ALDER HEY CHILDREN'S NHS FOUNDATION TRUST","Acute - Specialist","No","Yes","Unpublished",8.102931897,"Data not available","-6%",23.5,"-6%","4. No Sustainable Development Management Plan","Yes"
,"RTK","ASHFORD AND ST PETER'S HOSPITALS NHS FOUNDATION TRUST","Acute - Medium","Yes","Yes","Unpublished",14.93716676,"-31%","3%",41.3,"3%","2. Target included but not on track to be met","Yes"
,"RVN","AVON AND WILTSHIRE MENTAL HEALTH PARTNERSHIP NHS TRUST","Mental Health and Learning Disability","No","No","SDAT not used",10.21064799,"-28%","-13%",21.9,"-13%","4. No Sustainable Development Management Plan","No"
,"RF4","BARKING, HAVERING AND REDBRIDGE UNIVERSITY HOSPITALS NHS TRUST","Acute - Large","Yes","Yes","SDAT not used",23.59706004,"-25%","-27%",32.7,"-27%","1. On track to meet target","Yes"
,"RRP","BARNET, ENFIELD AND HARINGEY MENTAL HEALTH NHS TRUST","Mental Health and Learning Disability","Yes","Yes","SDAT not used",7.382975378,"-40%","-1%",33.2,"-1%","1. On track to meet target","Yes"
,"RFF","BARNSLEY HOSPITAL NHS FOUNDATION TRUST","Acute - Small","Yes","Yes","Unpublished",12.00492539,"-32%","27%",51.9,"27%","1. On track to meet target","Yes"
,"R1H","BARTS HEALTH NHS TRUST","Acute - Teaching","Yes","No","Unpublished",77.88176637,"-23%","-35%",44.5,"-35%","1. On track to meet target","No"
,"RDD","BASILDON AND THURROCK UNIVERSITY HOSPITALS NHS FOUNDATION TRUST","Acute - Medium","Yes","No","SDAT not used",16.83935237,"-16%","-22%",37.2,"-22%","1. On track to meet target","No"
,"RC1","BEDFORD HOSPITAL NHS TRUST","Acute - Small","No","No","SDAT not used",9.130976888,"-19%","-20%",31.1,"-20%","4. No Sustainable Development Management Plan","No"
,"RWX","BERKSHIRE HEALTHCARE NHS FOUNDATION TRUST","Mental Health and Learning Disability","Yes","Yes","27%",5.194701555,"4%","8%",10.5,"8%","2. Target included but not on track to be met","Yes"
,"RXT","BIRMINGHAM AND SOLIHULL MENTAL HEALTH NHS FOUNDATION TRUST","Mental Health and Learning Disability","Yes","Yes","Unpublished",12.54578783,"-15%","-6%",28.3,"-6%","2. Target included but not on track to be met","Yes"
,"RYW","BIRMINGHAM COMMUNITY HEALTHCARE NHS FOUNDATION TRUST","Community","No","No","SDAT not used",8.399239082,"Data not available","-12%",12.3,"-12%","4. No Sustainable Development Management Plan","No"
,"RQ3","BIRMINGHAM WOMEN'S AND CHILDREN'S NHS FOUNDATION TRUST","Acute - Specialist","No","No","SDAT not used",16.69662769,"-24%","1%",26.5,"1%","4. No Sustainable Development Management Plan","No"
,"TAJ","BLACK COUNTRY PARTNERSHIP NHS FOUNDATION TRUST","Care Trust","No","No","SDAT not used",4.039961935,"4%","20%",38.8,"20%","4. No Sustainable Development Management Plan","No"
,"RXL","BLACKPOOL TEACHING HOSPITALS NHS FOUNDATION TRUST","Acute - Medium","Yes","Yes","SDAT not used",22.15492322,"-38%","-19%",27,"-19%","1. On track to meet target","Yes"
,"RMC","BOLTON NHS FOUNDATION TRUST","Acute - Medium","Yes","No","SDAT not used",18.2280349,"-34%","33%",41.8,"33%","1. On track to meet target","No"
,"TAD","BRADFORD DISTRICT CARE NHS FOUNDATION TRUST","Care Trust","Yes","Yes","Unpublished",4.470862159,"-28%","-23%",11.1,"-23%","1. On track to meet target","Yes"
,"RAE","BRADFORD TEACHING HOSPITALS NHS FOUNDATION TRUST","Acute - Teaching","No","No","SDAT not used",15.15006886,"-3%","-12%",32.2,"-12%","4. No Sustainable Development Management Plan","No"
,"RY2","BRIDGEWATER COMMUNITY HEALTHCARE NHS FOUNDATION TRUST","Community","Yes","No","SDAT not used",2.437741839,"7%","Data not available","Data not available","Data not available","1. On track to meet target","No"
,"RXH","BRIGHTON AND SUSSEX UNIVERSITY HOSPITALS NHS TRUST","Acute - Large","No","No","SDAT not used",27.31415349,"-41%","-28%",29.7,"-28%","4. No Sustainable Development Management Plan","No"
,"RXQ","BUCKINGHAMSHIRE HEALTHCARE NHS TRUST","Acute - Multi-Service","Yes","No","SDAT not used",26.02538009,"-21%","-27%",42.6,"-27%","3. No target included in plan","No"
,"RJF","BURTON HOSPITALS NHS FOUNDATION TRUST","Acute - Small","Yes","Yes","32%",12.58803864,"-26%","15%",38.8,"15%","2. Target included but not on track to be met","Yes"
,"RWY","CALDERDALE AND HUDDERSFIELD NHS FOUNDATION TRUST","Acute - Large","Yes","Yes","Unpublished",23.19019345,"-28%","-29%",30.7,"-29%","3. No target included in plan","Yes"
,"RGT","CAMBRIDGE UNIVERSITY HOSPITALS NHS FOUNDATION TRUST","Acute - Teaching","Yes","Yes","Unpublished",42.26262854,"-27%","-31%",41.7,"-31%","2. Target included but not on track to be met","Yes"
,"RT1","CAMBRIDGESHIRE AND PETERBOROUGH NHS FOUNDATION TRUST","Mental Health and Learning Disability","No","No","SDAT not used",7.695825916,"-43%","-36%",11.3,"-36%","4. No Sustainable Development Management Plan","No"
,"RYV","CAMBRIDGESHIRE COMMUNITY SERVICES NHS TRUST","Community","Yes","No","SDAT not used",7.106489454,"-26%","-21%",8.8,"-21%","1. On track to meet target","No"
,"TAF","CAMDEN AND ISLINGTON NHS FOUNDATION TRUST","Care Trust","No","Yes","SDAT not used",4.45780393,"-16%","-10%",30.8,"-10%","4. No Sustainable Development Management Plan","Yes"
,"RV3","CENTRAL AND NORTH WEST LONDON NHS FOUNDATION TRUST","Mental Health and Learning Disability","Yes","No","SDAT not used",8.084099513,"12%","-18%",20,"-18%","1. On track to meet target","No"
,"RYX","CENTRAL LONDON COMMUNITY HEALTHCARE NHS TRUST","Community","Yes","No","SDAT not used",7.117790862,"Data not available","Data not available","Data not available","Data not available","1. On track to meet target","No"
,"RQM","CHELSEA AND WESTMINSTER HOSPITAL NHS FOUNDATION TRUST","Acute - Teaching","Yes","Yes","SDAT not used",26.18812569,"-11%","49%",66,"49%","1. On track to meet target","Yes"
,"RXA","CHESHIRE AND WIRRAL PARTNERSHIP NHS FOUNDATION TRUST","Mental Health and Learning Disability","Yes","No","SDAT not used",5.228969241,"4%","17%",12.8,"17%","1. On track to meet target","No"
,"RFS","CHESTERFIELD ROYAL HOSPITAL NHS FOUNDATION TRUST","Acute - Small","Yes","Yes","Unpublished",12.14166746,"-20%","-8%",30.2,"-8%","1. On track to meet target","Yes"
,"RLN","CITY HOSPITALS SUNDERLAND NHS FOUNDATION TRUST","Acute - Large","Yes","Yes","SDAT not used",15.98999669,"-4%","-4%",45.4,"-4%","2. Target included but not on track to be met","Yes"
,"RDE","COLCHESTER HOSPITAL UNIVERSITY NHS FOUNDATION TRUST","Acute - Medium","No","Yes","SDAT not used",21.72644783,"-48%","-3%",28,"-3%","4. No Sustainable Development Management Plan","Yes"
,"RJ8","CORNWALL PARTNERSHIP NHS FOUNDATION TRUST","Mental Health and Learning Disability","Yes","Yes","SDAT not used",3.808058095,"-13%","15%",17.8,"15%","1. On track to meet target","Yes"
,"RJR","COUNTESS OF CHESTER HOSPITAL NHS FOUNDATION TRUST","Acute - Small","Yes","No","SDAT not used",10.47721618,"-10%","-6%",29.8,"-6%","2. Target included but not on track to be met","No"
,"RXP","COUNTY DURHAM AND DARLINGTON NHS FOUNDATION TRUST","Acute - Large","Yes","Yes","SDAT not used",30.48816612,"-22%","-11%",31.6,"-11%","4. No Sustainable Development Management Plan","Yes"
,"RYG","COVENTRY AND WARWICKSHIRE PARTNERSHIP NHS TRUST","Mental Health and Learning Disability","Yes","No","Unpublished",10.86017167,"Data not available","Data not available","Data not available","Data not available","1. On track to meet target","No"
,"RJ6","CROYDON HEALTH SERVICES NHS TRUST","Acute - Medium","Yes","No","Unpublished",13.33090783,"-18%","-36%",36.4,"-36%","1. On track to meet target","No"
,"RNN","CUMBRIA PARTNERSHIP NHS FOUNDATION TRUST","Mental Health and Learning Disability","Yes","No","SDAT not used",9.220940841,"-33%","-31%",13.2,"-31%","1. On track to meet target","No"
,"RN7","DARTFORD AND GRAVESHAM NHS TRUST","Acute - Small","Yes","Yes","SDAT not used",10.63631819,"-35%","12%",51.6,"12%","1. On track to meet target","Yes"
,"RTG","DERBY TEACHING HOSPITALS NHS FOUNDATION TRUST","Acute - Large","Yes","Yes","71%",31.03679897,"-27%","-2%",37.4,"-2%","2. Target included but not on track to be met","Yes"
,"RY8","DERBYSHIRE COMMUNITY HEALTH SERVICES NHS FOUNDATION TRUST","Community","Yes","Yes","42%",11.83304876,"-36%","Data not available","Data not available","Data not available","1. On track to meet target","Yes"
,"RXM","DERBYSHIRE HEALTHCARE NHS FOUNDATION TRUST","Mental Health and Learning Disability","Yes","No","SDAT not used",4.874412605,"-11%","-27%",10.9,"-27%","3. No target included in plan","No"
,"RWV","DEVON PARTNERSHIP NHS TRUST","Mental Health and Learning Disability","No","No","SDAT not used",5.718924988,"-30%","-26%",16.4,"-26%","4. No Sustainable Development Management Plan","No"
,"RP5","DONCASTER AND BASSETLAW TEACHING HOSPITALS NHS FOUNDATION TRUST","Acute - Large","No","No","SDAT not used",22.40735907,"-17%","-37%",37,"-37%","4. No Sustainable Development Management Plan","No"
,"RBD","DORSET COUNTY HOSPITAL NHS FOUNDATION TRUST","Acute - Small","Yes","No","Unpublished",7.429513847,"-18%","-34%",23,"-34%","1. On track to meet target","No"
,"RDY","DORSET HEALTHCARE UNIVERSITY NHS FOUNDATION TRUST","Mental Health and Learning Disability","No","No","SDAT not used",11.16336372,"-22%","-16%",18,"-16%","4. No Sustainable Development Management Plan","No"
,"RYK","DUDLEY AND WALSALL MENTAL HEALTH PARTNERSHIP NHS TRUST","Mental Health and Learning Disability","No","No","SDAT not used",2.792111876,"-27%","Data not available","Data not available","Data not available","4. No Sustainable Development Management Plan","No"
,"RWH","EAST AND NORTH HERTFORDSHIRE NHS TRUST","Acute - Large","Yes","Yes","42%",15.88508027,"6%","10%",42.3,"10%","2. Target included but not on track to be met","Yes"
,"RJN","EAST CHESHIRE NHS TRUST","Acute - Small","Yes","Yes","SDAT not used",7.673635049,"-6%","47%",29.3,"47%","1. On track to meet target","Yes"
,"RVV","EAST KENT HOSPITALS UNIVERSITY NHS FOUNDATION TRUST","Acute - Large","No","No","Unpublished",29.19438427,"-5%","1%",57.1,"1%","4. No Sustainable Development Management Plan","No"
,"RXR","EAST LANCASHIRE HOSPITALS NHS TRUST","Acute - Large","Yes","No","Unpublished",30.39761327,"-15%","3%",44.9,"3%","2. Target included but not on track to be met","No"
,"RWK","EAST LONDON NHS FOUNDATION TRUST","Mental Health and Learning Disability","Yes","Yes","SDAT not used",6.962760905,"-48%","Data not available","Data not available","Data not available","1. On track to meet target","Yes"
,"RX9","EAST MIDLANDS AMBULANCE SERVICE NHS TRUST","Ambulance Trust","Yes","No","SDAT not used",4.465356579,"Data not available","-29%",8.5,"-29%","2. Target included but not on track to be met","No"
,"RYC","EAST OF ENGLAND AMBULANCE SERVICE NHS TRUST","Ambulance Trust","No","No","Unpublished",7.068223766,"32%","-18%",8,"-18%","4. No Sustainable Development Management Plan","No"
,"RXC","EAST SUSSEX HEALTHCARE NHS TRUST","Acute - Large","Yes","Yes","SDAT not used",22.29085924,"-10%","23%",32.9,"23%","2. Target included but not on track to be met","Yes"
,"RVR","EPSOM AND ST HELIER UNIVERSITY HOSPITALS NHS TRUST","Acute - Large","No","Yes","SDAT not used",17.80020077,"-23%","-27%",35.8,"-27%","4. No Sustainable Development Management Plan","Yes"
,"R1L","ESSEX PARTNERSHIP UNIVERSITY NHS FOUNDATION TRUST","Community","Yes","No","SDAT not used",21.86334843,"4%","-39%",13.6,"-39%","1. On track to meet target","No"
,"RDU","FRIMLEY HEALTH NHS FOUNDATION TRUST","Acute - Medium","No","No","SDAT not used",33.40347706,"-37%","26%",46.6,"26%","4. No Sustainable Development Management Plan","No"
,"RR7","GATESHEAD HEALTH NHS FOUNDATION TRUST","Acute - Small","Yes","Yes","Unpublished",12.34734347,"-32%","-6%",34.2,"-6%","1. On track to meet target","Yes"
,"RLT","GEORGE ELIOT HOSPITAL NHS TRUST","Acute - Small","Yes","Yes","SDAT not used",8.537546716,"-38%","-5%",46,"-5%","1. On track to meet target","Yes"
,"R1J","GLOUCESTERSHIRE CARE SERVICES NHS TRUST","Care Trust","No","No","SDAT not used",3.171393361,"0%","16%",15.1,"16%","4. No Sustainable Development Management Plan","No"
,"RTE","GLOUCESTERSHIRE HOSPITALS NHS FOUNDATION TRUST","Acute - Large","No","Yes","SDAT not used",29.56380935,"-33%","-6%",52.8,"-6%","4. No Sustainable Development Management Plan","Yes"
,"RP4","GREAT ORMOND STREET HOSPITAL FOR CHILDREN NHS FOUNDATION TRUST","Acute - Specialist","No","No","SDAT not used",19.35003345,"-38%","-19%",24.1,"-19%","4. No Sustainable Development Management Plan","No"
,"RN3","GREAT WESTERN HOSPITALS NHS FOUNDATION TRUST","Acute - Medium","No","Yes","SDAT not used",18.62099821,"-37%","9%",34.5,"9%","4. No Sustainable Development Management Plan","Yes"
,"RXV","GREATER MANCHESTER MENTAL HEALTH NHS FOUNDATION TRUST","Mental Health and Learning Disability","Yes","No","SDAT not used",11.93513624,"Data not available","-22%",19.9,"-22%","1. On track to meet target","No"
,"RJ1","GUY'S AND ST THOMAS' NHS FOUNDATION TRUST","Acute - Teaching","Yes","No","Unpublished",63.85064753,"-14%","5%",42.7,"5%","1. On track to meet target","No"
,"RN5","HAMPSHIRE HOSPITALS NHS FOUNDATION TRUST","Acute - Large","Yes","Yes","Unpublished",21.3884939,"-28%","4%",44.3,"4%","1. On track to meet target","Yes"
,"RCD","HARROGATE AND DISTRICT NHS FOUNDATION TRUST","Acute - Small","Yes","Yes","SDAT not used",9.123190253,"-27%","-6%",34.8,"-6%","1. On track to meet target","Yes"
,"RR1","HEART OF ENGLAND NHS FOUNDATION TRUST","Acute - Large","No","Yes","SDAT not used",31.34590996,"-10%","11%",37.3,"11%","4. No Sustainable Development Management Plan","Yes"
,"RY4","HERTFORDSHIRE COMMUNITY NHS TRUST","Community","Yes","No","SDAT not used",5.862435398,"Data not available","-18%",8.6,"-18%","1. On track to meet target","No"
,"RWR","HERTFORDSHIRE PARTNERSHIP UNIVERSITY NHS FOUNDATION TRUST","Mental Health and Learning Disability","Yes","Yes","SDAT not used",16.75192617,"Data not available","7%",52.9,"7%","1. On track to meet target","Yes"
,"RQX","HOMERTON UNIVERSITY HOSPITAL NHS FOUNDATION TRUST","Acute - Medium","Yes","Yes","Unpublished",13.45260607,"Data not available","-2%",28.3,"-2%","1. On track to meet target","Yes"
,"RY9","HOUNSLOW AND RICHMOND COMMUNITY HEALTHCARE NHS TRUST","Community","Yes","Yes","SDAT not used",0.849663154,"-13%","-47%",10.1,"-47%","3. No target included in plan","Yes"
,"RWA","HULL AND EAST YORKSHIRE HOSPITALS NHS TRUST","Acute - Teaching","Yes","No","Unpublished",33.78041093,"-23%","-1%",42.5,"-1%","2. Target included but not on track to be met","No"
,"RV9","HUMBER NHS FOUNDATION TRUST","Mental Health and Learning Disability","Yes","No","Unpublished",6.637726415,"-22%","8%",16.2,"8%","1. On track to meet target","No"
,"RYJ","IMPERIAL COLLEGE HEALTHCARE NHS TRUST","Acute - Teaching","No","Yes","Unpublished",49.46058222,"-22%","-9%",47.8,"-9%","4. No Sustainable Development Management Plan","Yes"
,"RGQ","IPSWICH HOSPITAL NHS TRUST","Acute - Medium","Yes","Yes","SDAT not used",12.05650799,"-30%","-11%",39.4,"-11%","1. On track to meet target","Yes"
,"R1F","ISLE OF WIGHT NHS TRUST","Acute - Multi-Service","Yes","No","SDAT not used",7.503966265,"-3%","-6%",32.1,"-6%","2. Target included but not on track to be met","No"
,"RGP","JAMES PAGET UNIVERSITY HOSPITALS NHS FOUNDATION TRUST","Acute - Small","Yes","Yes","SDAT not used",7.276709428,"-13%","-8%",34.3,"-8%","2. Target included but not on track to be met","Yes"
,"RXY","KENT AND MEDWAY NHS AND SOCIAL CARE PARTNERSHIP TRUST","Mental Health and Learning Disability","Yes","Yes","Unpublished",7.91997976,"-31%","2%",30.5,"2%","1. On track to meet target","Yes"
,"RYY","KENT COMMUNITY HEALTH NHS FOUNDATION TRUST","Community","No","No","SDAT not used",8.619413202,"Data not available","Data not available","Data not available","Data not available","4. No Sustainable Development Management Plan","No"
,"RNQ","KETTERING GENERAL HOSPITAL NHS FOUNDATION TRUST","Acute - Small","No","No","SDAT not used",11.58036287,"-12%","-35%",32.3,"-35%","4. No Sustainable Development Management Plan","No"
,"RJZ","KING'S COLLEGE HOSPITAL NHS FOUNDATION TRUST","Acute - Teaching","Yes","Yes","Unpublished",49.41823858,"-43%","13%",27.1,"13%","2. Target included but not on track to be met","Yes"
,"RAX","KINGSTON HOSPITAL NHS FOUNDATION TRUST","Acute - Small","Yes","Yes","Unpublished",10.1151997,"-16%","-10%",15.8,"-10%","2. Target included but not on track to be met","Yes"
,"RW5","LANCASHIRE CARE NHS FOUNDATION TRUST","Mental Health and Learning Disability","Yes","No","Unpublished",17.98407061,"-30%","27%",18.5,"27%","1. On track to meet target","No"
,"RXN","LANCASHIRE TEACHING HOSPITALS NHS FOUNDATION TRUST","Acute - Teaching","No","Yes","SDAT not used",26.2486427,"-30%","0%",42,"0%","4. No Sustainable Development Management Plan","Yes"
,"RGD","LEEDS AND YORK PARTNERSHIP NHS FOUNDATION TRUST","Mental Health and Learning Disability","Yes","Yes","Unpublished",9.307160024,"-34%","-41%",16.4,"-41%","4. No Sustainable Development Management Plan","Yes"
,"RY6","LEEDS COMMUNITY HEALTHCARE NHS TRUST","Community","Yes","Yes","SDAT not used",4.379133826,"-30%","-9%",6.6,"-9%","3. No target included in plan","Yes"
,"RR8","LEEDS TEACHING HOSPITALS NHS TRUST","Acute - Teaching","No","Yes","Unpublished",76.44611101,"-28%","-25%",42.5,"-25%","4. No Sustainable Development Management Plan","Yes"
,"RT5","LEICESTERSHIRE PARTNERSHIP NHS TRUST","Mental Health and Learning Disability","No","No","SDAT not used",17.48791658,"-40%","-44%",15.3,"-44%","4. No Sustainable Development Management Plan","No"
,"RJ2","LEWISHAM AND GREENWICH NHS TRUST","Acute - Medium","No","No","SDAT not used",17.87833924,"-2%","17%",46.1,"17%","4. No Sustainable Development Management Plan","No"
,"RY5","LINCOLNSHIRE COMMUNITY HEALTH SERVICES NHS TRUST","Community","No","No","SDAT not used",5.933313506,"Data not available","Data not available","Data not available","Data not available","4. No Sustainable Development Management Plan","No"
,"RP7","LINCOLNSHIRE PARTNERSHIP NHS FOUNDATION TRUST","Mental Health and Learning Disability","Yes","Yes","SDAT not used",5.305092129,"-46%","23%",25.7,"23%","2. Target included but not on track to be met","Yes"
,"RY1","LIVERPOOL COMMUNITY HEALTH NHS TRUST","Community","Yes","No","SDAT not used",1.984738943,"11%","Data not available","Data not available","Data not available","3. No target included in plan","No"
,"RBQ","LIVERPOOL HEART AND CHEST HOSPITAL NHS FOUNDATION TRUST","Acute - Specialist","Yes","No","SDAT not used",5.999415587,"-43%","-9%",33,"-9%","2. Target included but not on track to be met","No"
,"REP","LIVERPOOL WOMEN'S NHS FOUNDATION TRUST","Acute - Specialist","Yes","No","SDAT not used",4.532307516,"-21%","-10%",24.8,"-10%","1. On track to meet target","No"
,"RRU","LONDON AMBULANCE SERVICE NHS TRUST","Ambulance Trust","Yes","No","SDAT not used",6.998022574,"-40%","-39%",12.6,"-39%","2. Target included but not on track to be met","No"
,"R1K","LONDON NORTH WEST UNIVERSITY HEALTHCARE NHS TRUST","Acute - Large","Yes","Yes","SDAT not used",38.09151775,"-15%","29%",55.7,"29%","2. Target included but not on track to be met","Yes"
,"RC9","LUTON AND DUNSTABLE UNIVERSITY HOSPITAL NHS FOUNDATION TRUST","Acute - Medium","Yes","Yes","SDAT not used",12.12603652,"-30%","-18%",36.8,"-18%","2. Target included but not on track to be met","Yes"
,"RWF","MAIDSTONE AND TUNBRIDGE WELLS NHS TRUST","Acute - Large","Yes","No","SDAT not used",21.13448191,"-17%","13%",40.5,"13%","1. On track to meet target","No"
,"R0A","MANCHESTER UNIVERSITY NHS FOUNDATION TRUST","Acute - Large","Yes","Yes","51%",81.89416956,"-23%","-5%",34.1,"-5%","2. Target included but not on track to be met","Yes"
,"RPA","MEDWAY NHS FOUNDATION TRUST","Acute - Medium","No","No","Unpublished",12.79582228,"-14%","6%",47.2,"6%","4. No Sustainable Development Management Plan","No"
,"RW4","MERSEY CARE NHS FOUNDATION TRUST","Mental Health and Learning Disability","Yes","No","SDAT not used",16.18669654,"-19%","Data not available","Data not available","Data not available","1. On track to meet target","No"
,"RBT","MID CHESHIRE HOSPITALS NHS FOUNDATION TRUST","Acute - Small","Yes","Yes","SDAT not used",12.1160747,"-23%","-3%",38.7,"-3%","2. Target included but not on track to be met","Yes"
,"RQ8","MID ESSEX HOSPITAL SERVICES NHS TRUST","Acute - Medium","Yes","No","SDAT not used",29.9866944,"Data not available","-8%",37.2,"-8%","2. Target included but not on track to be met","No"
,"RXF","MID YORKSHIRE HOSPITALS NHS TRUST","Acute - Large","Yes","Yes","Unpublished",27.5404908,"-22%","-6%",36.8,"-6%","2. Target included but not on track to be met","Yes"
,"RD8","MILTON KEYNES UNIVERSITY HOSPITAL NHS FOUNDATION TRUST","Acute - Small","No","Yes","SDAT not used",10.63376065,"-24%","-33%",29.1,"-33%","4. No Sustainable Development Management Plan","Yes"
,"RP6","MOORFIELDS EYE HOSPITAL NHS FOUNDATION TRUST","Acute - Specialist","Yes","No","Unpublished",4.189864487,"-10%","Data not available","Data not available","Data not available","1. On track to meet target","No"
,"RM1","NORFOLK AND NORWICH UNIVERSITY HOSPITALS NHS FOUNDATION TRUST","Acute - Teaching","No","Yes","SDAT not used",22.64571068,"-18%","-9%",36.4,"-9%","4. No Sustainable Development Management Plan","Yes"
,"RMY","NORFOLK AND SUFFOLK NHS FOUNDATION TRUST","Mental Health and Learning Disability","Yes","No","SDAT not used",11.66517033,"-22%","-18%",19.9,"-18%","1. On track to meet target","No"
,"RY3","NORFOLK COMMUNITY HEALTH AND CARE NHS TRUST","Community","Yes","No","52%",8.840814613,"-50%","-45%",11.5,"-45%","1. On track to meet target","No"
,"RVJ","NORTH BRISTOL NHS TRUST","Acute - Large","Yes","No","SDAT not used",30.16107506,"-3%","-1%",51.2,"-1%","2. Target included but not on track to be met","No"
,"RNL","NORTH CUMBRIA UNIVERSITY HOSPITALS NHS TRUST","Acute - Medium","No","No","SDAT not used",13.32780081,"4%","-10%",33.9,"-10%","4. No Sustainable Development Management Plan","No"
,"RX6","NORTH EAST AMBULANCE SERVICE NHS FOUNDATION TRUST","Ambulance Trust","Yes","No","47%",3.119450948,"49%","-25%",5.6,"-25%","1. On track to meet target","No"
,"RAT","NORTH EAST LONDON NHS FOUNDATION TRUST","Mental Health and Learning Disability","No","No","SDAT not used",8.13560149,"-49%","-31%",10.1,"-31%","4. No Sustainable Development Management Plan","No"
,"RAP","NORTH MIDDLESEX UNIVERSITY HOSPITAL NHS TRUST","Acute - Small","No","Yes","Unpublished",10.55312574,"-19%","-19%",48.7,"-19%","4. No Sustainable Development Management Plan","Yes"
,"RLY","NORTH STAFFORDSHIRE COMBINED HEALTHCARE NHS TRUST","Mental Health and Learning Disability","Yes","No","SDAT not used",3.625993259,"-10%","-45%",14.9,"-45%","1. On track to meet target","No"
,"RVW","NORTH TEES AND HARTLEPOOL NHS FOUNDATION TRUST","Acute - Medium","Yes","Yes","Unpublished",16.16219327,"-21%","-1%",28.3,"-1%","1. On track to meet target","Yes"
,"RX7","NORTH WEST AMBULANCE SERVICE NHS TRUST","Ambulance Trust","Yes","No","SDAT not used",8.456641245,"-33%","-1%",9.3,"-1%","1. On track to meet target","No"
,"RGN","NORTH WEST ANGLIA NHS FOUNDATION TRUST","Acute - Small","No","Yes","SDAT not used",24.63033875,"-26%","11%",45.4,"11%","4. No Sustainable Development Management Plan","Yes"
,"RTV","NORTH WEST BOROUGHS HEALTHCARE NHS FOUNDATION TRUST","Mental Health and Learning Disability","Yes","Yes","SDAT not used",5.276643171,"-29%","-26%",10.4,"-26%","1. On track to meet target","Yes"
,"RNS","NORTHAMPTON GENERAL HOSPITAL NHS TRUST","Acute - Medium","Yes","Yes","Unpublished",15.83509305,"-27%","-4%",33.4,"-4%","1. On track to meet target","Yes"
,"RP1","NORTHAMPTONSHIRE HEALTHCARE NHS FOUNDATION TRUST","Mental Health and Learning Disability","Yes","No","67%",8.519612196,"Data not available","-17%",10.1,"-17%","1. On track to meet target","No"
,"RBZ","NORTHERN DEVON HEALTHCARE NHS TRUST","Acute - Small","Yes","Yes","Unpublished",12.54574406,"-40%","-22%",21.7,"-22%","1. On track to meet target","Yes"
,"RJL","NORTHERN LINCOLNSHIRE AND GOOLE NHS FOUNDATION TRUST","Acute - Large","Yes","Yes","56%",19.07354457,"27%","Data not available","Data not available","Data not available","1. On track to meet target","Yes"
,"RX4","NORTHUMBERLAND, TYNE AND WEAR NHS FOUNDATION TRUST","Mental Health and Learning Disability","Yes","No","Unpublished",19.0190703,"-28%","8%",29.7,"8%","1. On track to meet target","No"
,"RTF","NORTHUMBRIA HEALTHCARE NHS FOUNDATION TRUST","Acute - Large","Yes","Yes","Unpublished",23.22162685,"13%","33%",33.2,"33%","1. On track to meet target","Yes"
,"RX1","NOTTINGHAM UNIVERSITY HOSPITALS NHS TRUST","Acute - Teaching","Yes","Yes","Unpublished",95.84831486,"Data not available","-8%",53.4,"-8%","1. On track to meet target","Yes"
,"RHA","NOTTINGHAMSHIRE HEALTHCARE NHS FOUNDATION TRUST","Mental Health and Learning Disability","Yes","No","SDAT not used",21.00309727,"-6%","22%",26.1,"22%","1. On track to meet target","No"
,"RNU","OXFORD HEALTH NHS FOUNDATION TRUST","Mental Health and Learning Disability","Yes","No","Unpublished",10.33660562,"-45%","Data not available","Data not available","Data not available","2. Target included but not on track to be met","No"
,"RTH","OXFORD UNIVERSITY HOSPITALS NHS FOUNDATION TRUST","Acute - Teaching","No","Yes","Unpublished",58.3593407,"-22%","-12%",49.4,"-12%","4. No Sustainable Development Management Plan","Yes"
,"RPG","OXLEAS NHS FOUNDATION TRUST","Mental Health and Learning Disability","Yes","No","SDAT not used",10.81023731,"Data not available","-22%",41.7,"-22%","1. On track to meet target","No"
,"RW6","PENNINE ACUTE HOSPITALS NHS TRUST","Acute - Large","No","Yes","SDAT not used",64.26103283,"Data not available","-10%",50.4,"-10%","4. No Sustainable Development Management Plan","Yes"
,"RT2","PENNINE CARE NHS FOUNDATION TRUST","Mental Health and Learning Disability","Yes","No","SDAT not used",9.428392558,"-30%","22%",16.1,"22%","3. No target included in plan","No"
,"RK9","PLYMOUTH HOSPITALS NHS TRUST","Acute - Large","No","Yes","Unpublished",22.88735459,"-22%","-14%",31.8,"-14%","4. No Sustainable Development Management Plan","Yes"
,"RD3","POOLE HOSPITAL NHS FOUNDATION TRUST","Acute - Small","Yes","No","SDAT not used",10.88619741,"-34%","-15%",34.3,"-15%","2. Target included but not on track to be met","No"
,"RHU","PORTSMOUTH HOSPITALS NHS TRUST","Acute - Large","No","No","Unpublished",32.51124158,"-38%","-9%",50.3,"-9%","4. No Sustainable Development Management Plan","No"
,"RPC","QUEEN VICTORIA HOSPITAL NHS FOUNDATION TRUST","Acute - Specialist","Yes","No","SDAT not used",3.03882327,"-2%","-7%",18.1,"-7%","1. On track to meet target","No"
,"RXE","ROTHERHAM DONCASTER AND SOUTH HUMBER NHS FOUNDATION TRUST","Mental Health and Learning Disability","No","No","SDAT not used",7.705542716,"-23%","-11%",14.5,"-11%","4. No Sustainable Development Management Plan","No"
,"RHW","ROYAL BERKSHIRE NHS FOUNDATION TRUST","Acute - Large","No","Yes","SDAT not used",22.60767359,"-35%","-42%",60.2,"-42%","4. No Sustainable Development Management Plan","Yes"
,"RT3","ROYAL BROMPTON & HAREFIELD NHS FOUNDATION TRUST","Acute - Specialist","Yes","Yes","SDAT not used",17.90425657,"-32%","34%",41.4,"34%","2. Target included but not on track to be met","Yes"
,"REF","ROYAL CORNWALL HOSPITALS NHS TRUST","Acute - Large","Yes","No","SDAT not used",16.37717852,"-18%","6%",34.5,"6%","1. On track to meet target","No"
,"RH8","ROYAL DEVON AND EXETER NHS FOUNDATION TRUST","Acute - Large","No","No","Unpublished",20.06803114,"-41%","-40%",23,"-40%","4. No Sustainable Development Management Plan","No"
,"RAL","ROYAL FREE LONDON NHS FOUNDATION TRUST","Acute - Teaching","Yes","Yes","SDAT not used",53.70585433,"-12%","13%",55.8,"13%","1. On track to meet target","Yes"
,"RQ6","ROYAL LIVERPOOL AND BROADGREEN UNIVERSITY HOSPITALS NHS TRUST","Acute - Teaching","Yes","Yes","46%",41.01209216,"-33%","1%",44.2,"1%","2. Target included but not on track to be met","Yes"
,"RAN","ROYAL NATIONAL ORTHOPAEDIC HOSPITAL NHS TRUST","Acute - Specialist","No","No","SDAT not used",8.811930134,"-22%","-8%",53.8,"-8%","4. No Sustainable Development Management Plan","No"
,"RGM","ROYAL PAPWORTH HOSPITAL NHS FOUNDATION TRUST","Acute - Specialist","Yes","Yes","SDAT not used",6.412838191,"-25%","9%",42.8,"9%","2. Target included but not on track to be met","Yes"
,"RA2","ROYAL SURREY COUNTY HOSPITAL NHS FOUNDATION TRUST","Acute - Medium","Yes","Yes","SDAT not used",12.49241203,"-16%","Data not available","Data not available","Data not available","2. Target included but not on track to be met","Yes"
,"RD1","ROYAL UNITED HOSPITALS BATH NHS FOUNDATION TRUST","Acute - Medium","Yes","Yes","Unpublished",15.0364694,"-18%","-29%",41.3,"-29%","1. On track to meet target","Yes"
,"RM3","SALFORD ROYAL NHS FOUNDATION TRUST","Acute - Teaching","No","Yes","Unpublished",21.45859945,"-18%","-1%",27.9,"-1%","4. No Sustainable Development Management Plan","Yes"
,"RNZ","SALISBURY NHS FOUNDATION TRUST","Acute - Small","Yes","No","SDAT not used",12.05458179,"-16%","15%",59.9,"15%","2. Target included but not on track to be met","No"
,"RXK","SANDWELL AND WEST BIRMINGHAM HOSPITALS NHS TRUST","Acute - Large","Yes","Yes","Unpublished",26.89113944,"-2%","20%",42.5,"20%","3. No target included in plan","Yes"
,"RCU","SHEFFIELD CHILDREN'S NHS FOUNDATION TRUST","Acute - Specialist","No","Yes","SDAT not used",6.895676698,"-21%","30%",16.3,"30%","4. No Sustainable Development Management Plan","Yes"
,"TAH","SHEFFIELD HEALTH & SOCIAL CARE NHS FOUNDATION TRUST","Care Trust","Yes","No","Unpublished",5.395671248,"-18%","35%",30.1,"35%","1. On track to meet target","No"
,"RHQ","SHEFFIELD TEACHING HOSPITALS NHS FOUNDATION TRUST","Acute - Teaching","No","Yes","SDAT not used",50.00874748,"-26%","4%",41.3,"4%","4. No Sustainable Development Management Plan","Yes"
,"RK5","SHERWOOD FOREST HOSPITALS NHS FOUNDATION TRUST","Acute - Medium","Yes","Yes","Unpublished",22.54493689,"-23%","-11%",36.2,"-11%","1. On track to meet target","Yes"
,"RXW","SHREWSBURY AND TELFORD HOSPITAL NHS TRUST","Acute - Large","Yes","Yes","Unpublished",20.28172752,"-10%","-6%",44.9,"-6%","2. Target included but not on track to be met","Yes"
,"R1D","SHROPSHIRE COMMUNITY HEALTH NHS TRUST","Community","No","No","SDAT not used",3.493564582,"Data not available","18%",33,"18%","4. No Sustainable Development Management Plan","No"
,"R1C","SOLENT NHS TRUST","Community","Yes","No","SDAT not used",6.519850971,"Data not available","Data not available","Data not available","Data not available","4. No Sustainable Development Management Plan","No"
,"RH5","SOMERSET PARTNERSHIP NHS FOUNDATION TRUST","Mental Health and Learning Disability","Yes","No","Unpublished",8.166489883,"-17%","7%",22.6,"7%","2. Target included but not on track to be met","No"
,"RYE","SOUTH CENTRAL AMBULANCE SERVICE NHS FOUNDATION TRUST","Ambulance Trust","Yes","Yes","SDAT not used",4.195545894,"Data not available","-19%",5.5,"-19%","2. Target included but not on track to be met","Yes"
,"RYD","SOUTH EAST COAST AMBULANCE SERVICE NHS FOUNDATION TRUST","Ambulance Trust","Yes","Yes","SDAT not used",5.437319476,"23%","Data not available","Data not available","Data not available","2. Target included but not on track to be met","Yes"
,"RV5","SOUTH LONDON AND MAUDSLEY NHS FOUNDATION TRUST","Mental Health and Learning Disability","Yes","Yes","38%",13.25120919,"19%","Data not available","Data not available","Data not available","1. On track to meet target","Yes"
,"RRE","SOUTH STAFFORDSHIRE AND SHROPSHIRE HEALTHCARE NHS FOUNDATION TRUST","Mental Health and Learning Disability","No","Yes","Unpublished",7.481248543,"-25%","-11%",20,"-11%","4. No Sustainable Development Management Plan","Yes"
,"RTR","SOUTH TEES HOSPITALS NHS FOUNDATION TRUST","Acute - Large","Yes","Yes","85%",33.48581787,"-16%","-9%",40,"-9%","2. Target included but not on track to be met","Yes"
,"RE9","SOUTH TYNESIDE NHS FOUNDATION TRUST","Acute - Small","Yes","Yes","SDAT not used",10.3817763,"7%","Data not available","Data not available","Data not available","1. On track to meet target","Yes"
,"RJC","SOUTH WARWICKSHIRE NHS FOUNDATION TRUST","Acute - Small","No","No","SDAT not used",9.20594092,"-11%","19%",26.7,"19%","4. No Sustainable Development Management Plan","No"
,"RQY","SOUTH WEST LONDON AND ST GEORGE'S MENTAL HEALTH NHS TRUST","Mental Health and Learning Disability","Yes","Yes","Unpublished",8.530388558,"-16%","-7%",44.3,"-7%","1. On track to meet target","Yes"
,"RXG","SOUTH WEST YORKSHIRE PARTNERSHIP NHS FOUNDATION TRUST","Mental Health and Learning Disability","Yes","No","SDAT not used",12.11518793,"-32%","-12%",17.9,"-12%","1. On track to meet target","No"
,"RYF","SOUTH WESTERN AMBULANCE SERVICE NHS FOUNDATION TRUST","Ambulance Trust","No","No","Unpublished",4.579636477,"Data not available","Data not available","Data not available","Data not available","4. No Sustainable Development Management Plan","No"
,"RAJ","SOUTHEND UNIVERSITY HOSPITAL NHS FOUNDATION TRUST","Acute - Medium","Yes","Yes","SDAT not used",14.58165348,"-28%","26%",48.8,"26%","1. On track to meet target","Yes"
,"RW1","SOUTHERN HEALTH NHS FOUNDATION TRUST","Mental Health and Learning Disability","Yes","Yes","71%",13.75535991,"-28%","23%",14.8,"23%","1. On track to meet target","Yes"
,"RVY","SOUTHPORT AND ORMSKIRK HOSPITAL NHS TRUST","Acute - Small","Yes","Yes","SDAT not used",12.69976417,"-20%","3%",36.2,"3%","2. Target included but not on track to be met","Yes"
,"RJ7","ST GEORGE'S UNIVERSITY HOSPITALS NHS FOUNDATION TRUST","Acute - Teaching","Yes","Yes","SDAT not used",41.82233062,"Data not available","-43%",30.6,"-43%","1. On track to meet target","Yes"
,"RBN","ST HELENS AND KNOWSLEY HOSPITAL SERVICES NHS TRUST","Acute - Medium","Yes","Yes","SDAT not used",20.00926841,"-32%","-18%",26,"-18%","1. On track to meet target","Yes"
,"R1E","STAFFORDSHIRE AND STOKE ON TRENT PARTNERSHIP NHS TRUST","Community","No","No","SDAT not used",9.076637558,"-26%","-8%",8.8,"-8%","4. No Sustainable Development Management Plan","No"
,"RWJ","STOCKPORT NHS FOUNDATION TRUST","Acute - Medium","Yes","Yes","SDAT not used",14.21100246,"7%","26%",34.6,"26%","1. On track to meet target","Yes"
,"RXX","SURREY AND BORDERS PARTNERSHIP NHS FOUNDATION TRUST","Mental Health and Learning Disability","Yes","Yes","SDAT not used",9.096582737,"-33%","Data not available","Data not available","Data not available","1. On track to meet target","Yes"
,"RTP","SURREY AND SUSSEX HEALTHCARE NHS TRUST","Acute - Small","Yes","Yes","SDAT not used",10.23188236,"-16%","-6%",33,"-6%","2. Target included but not on track to be met","Yes"
,"RDR","SUSSEX COMMUNITY NHS FOUNDATION TRUST","Community","Yes","Yes","Unpublished",3.956179088,"-24%","-22%",5.3,"-22%","1. On track to meet target","Yes"
,"RX2","SUSSEX PARTNERSHIP NHS FOUNDATION TRUST","Mental Health and Learning Disability","Yes","Yes","Unpublished",9.817020446,"-38%","-15%",23.4,"-15%","2. Target included but not on track to be met","Yes"
,"RMP","TAMESIDE AND GLOSSOP INTEGRATED CARE NHS FOUNDATION TRUST","Acute - Small","Yes","Yes","SDAT not used",12.13734766,"-34%","-46%",26,"-46%","2. Target included but not on track to be met","Yes"
,"RBA","TAUNTON AND SOMERSET NHS FOUNDATION TRUST","Acute - Medium","Yes","No","42%",11.15585839,"-12%","1%",32.3,"1%","2. Target included but not on track to be met","No"
,"RNK","TAVISTOCK AND PORTMAN NHS FOUNDATION TRUST","Mental Health and Learning Disability","Yes","No","SDAT not used",0.310977198,"Data not available","Data not available","Data not available","Data not available","1. On track to meet target","No"
,"RX3","TEES, ESK AND WEAR VALLEYS NHS FOUNDATION TRUST","Mental Health and Learning Disability","Yes","No","Unpublished",16.32542515,"-28%","-11%",22.6,"-11%","1. On track to meet target","No"
,"RBV","THE CHRISTIE NHS FOUNDATION TRUST","Acute - Specialist","No","Yes","SDAT not used",10.65778575,"-10%","-12%",38.3,"-12%","4. No Sustainable Development Management Plan","Yes"
,"REN","THE CLATTERBRIDGE CANCER CENTRE NHS FOUNDATION TRUST","Acute - Specialist","Yes","Yes","SDAT not used",3.685103818,"-26%","Data not available","Data not available","Data not available","3. No target included in plan","Yes"
,"RNA","THE DUDLEY GROUP NHS FOUNDATION TRUST","Acute - Medium","Yes","No","SDAT not used",23.40385958,"-13%","-8%",49.3,"-8%","2. Target included but not on track to be met","No"
,"RAS","THE HILLINGDON HOSPITALS NHS FOUNDATION TRUST","Acute - Multi-Service","No","Yes","SDAT not used",12.87487174,"-40%","6%",76.1,"6%","4. No Sustainable Development Management Plan","Yes"
,"RTD","THE NEWCASTLE UPON TYNE HOSPITALS NHS FOUNDATION TRUST","Acute - Teaching","Yes","Yes","SDAT not used",69.50528629,"-17%","-1%",41.9,"-1%","2. Target included but not on track to be met","Yes"
,"RQW","THE PRINCESS ALEXANDRA HOSPITAL NHS TRUST","Acute - Small","Yes","No","59%",8.959228075,"-26%","-11%",46.1,"-11%","2. Target included but not on track to be met","No"
,"RCX","THE QUEEN ELIZABETH HOSPITAL, KING'S LYNN, NHS FOUNDATION TRUST","Acute - Small","No","Yes","SDAT not used",7.999493805,"-1%","14%",30.6,"14%","4. No Sustainable Development Management Plan","Yes"
,"RL1","THE ROBERT JONES AND AGNES HUNT ORTHOPAEDIC HOSPITAL NHS FOUNDATION TRUST","Acute - Specialist","Yes","No","Unpublished",6.937609309,"-13%","5%",93.4,"5%","1. On track to meet target","No"
,"RFR","THE ROTHERHAM NHS FOUNDATION TRUST","Acute - Medium","Yes","Yes","Unpublished",11.9552354,"-10%","-8%",32.3,"-8%","1. On track to meet target","Yes"
,"RDZ","THE ROYAL BOURNEMOUTH AND CHRISTCHURCH HOSPITALS NHS FOUNDATION TRUST","Acute - Medium","Yes","Yes","Unpublished",13.81945316,"-25%","-14%",34.8,"-14%","1. On track to meet target","Yes"
,"RPY","THE ROYAL MARSDEN NHS FOUNDATION TRUST","Acute - Specialist","Yes","Yes","SDAT not used",16.37227708,"-24%","-18%",23.2,"-18%","1. On track to meet target","Yes"
,"RRJ","THE ROYAL ORTHOPAEDIC HOSPITAL NHS FOUNDATION TRUST","Acute - Specialist","Yes","Yes","Unpublished",3.885536538,"-29%","-20%",25.4,"-20%","2. Target included but not on track to be met","Yes"
,"RL4","THE ROYAL WOLVERHAMPTON NHS TRUST","Acute - Large","No","Yes","SDAT not used",23.18069948,"-8%","20%",48.9,"20%","4. No Sustainable Development Management Plan","Yes"
,"RET","THE WALTON CENTRE NHS FOUNDATION TRUST","Acute - Specialist","Yes","No","SDAT not used",3.607235816,"2%","-6%",24,"-6%","1. On track to meet target","No"
,"RA9","TORBAY AND SOUTH DEVON NHS FOUNDATION TRUST","Acute - Medium","No","Yes","SDAT not used",16.75054667,"-26%","-12%",26.7,"-12%","4. No Sustainable Development Management Plan","Yes"
,"RWD","UNITED LINCOLNSHIRE HOSPITALS NHS TRUST","Acute - Large","Yes","No","SDAT not used",26.89087816,"-22%","-11%",36.3,"-11%","2. Target included but not on track to be met","No"
,"RRV","UNIVERSITY COLLEGE LONDON HOSPITALS NHS FOUNDATION TRUST","Acute - Teaching","Yes","Yes","Unpublished",32.53393068,"-29%","23%",29.7,"23%","2. Target included but not on track to be met","Yes"
,"RHM","UNIVERSITY HOSPITAL SOUTHAMPTON NHS FOUNDATION TRUST","Acute - Teaching","No","Yes","SDAT not used",25.60591957,"-16%","8%",34.1,"8%","4. No Sustainable Development Management Plan","Yes"
,"RRK","UNIVERSITY HOSPITALS BIRMINGHAM NHS FOUNDATION TRUST","Acute - Teaching","No","No","SDAT not used",44.4193818,"-33%","-8%",42.4,"-8%","4. No Sustainable Development Management Plan","No"
,"RA7","UNIVERSITY HOSPITALS BRISTOL NHS FOUNDATION TRUST","Acute - Teaching","Yes","Yes","44%",27.89179075,"-20%","-5%",29.2,"-5%","2. Target included but not on track to be met","Yes"
,"RKB","UNIVERSITY HOSPITALS COVENTRY AND WARWICKSHIRE NHS TRUST","Acute - Teaching","Yes","Yes","Unpublished",32.22914979,"-23%","-19%",41.6,"-19%","2. Target included but not on track to be met","Yes"
,"RWE","UNIVERSITY HOSPITALS OF LEICESTER NHS TRUST","Acute - Teaching","Yes","Yes","SDAT not used",42.89076823,"-26%","24%",36.1,"24%","1. On track to meet target","Yes"
,"RTX","UNIVERSITY HOSPITALS OF MORECAMBE BAY NHS FOUNDATION TRUST","Acute - Medium","No","Yes","SDAT not used",19.25738956,"-19%","9%",43.4,"9%","4. No Sustainable Development Management Plan","Yes"
,"RJE","UNIVERSITY HOSPITALS OF NORTH MIDLANDS NHS TRUST","Acute - Large","Yes","Yes","Unpublished",38.90163456,"-26%","-14%",37.7,"-14%","1. On track to meet target","Yes"
,"RBK","WALSALL HEALTHCARE NHS TRUST","Acute - Medium","No","No","SDAT not used",15.02575749,"-22%","-13%",27.6,"-13%","4. No Sustainable Development Management Plan","No"
,"RWW","WARRINGTON AND HALTON HOSPITALS NHS FOUNDATION TRUST","Acute - Small","Yes","Yes","SDAT not used",12.83835015,"-14%","-29%",25.5,"-29%","1. On track to meet target","Yes"
,"RWG","WEST HERTFORDSHIRE HOSPITALS NHS TRUST","Acute - Medium","No","No","SDAT not used",18.75362318,"-22%","-14%",48.9,"-14%","4. No Sustainable Development Management Plan","No"
,"RKL","WEST LONDON MENTAL HEALTH NHS TRUST","Mental Health and Learning Disability","Yes","Yes","SDAT not used",14.11070184,"-25%","-10%",53.4,"-10%","1. On track to meet target","Yes"
,"RYA","WEST MIDLANDS AMBULANCE SERVICE NHS FOUNDATION TRUST","Ambulance Trust","Yes","Yes","SDAT not used",4.80627305,"Data not available","-49%",5.5,"-49%","1. On track to meet target","Yes"
,"RGR","WEST SUFFOLK NHS FOUNDATION TRUST","Acute - Small","Yes","Yes","57%",8.788145187,"-30%","-4%",31.5,"-4%","2. Target included but not on track to be met","Yes"
,"RYR","WESTERN SUSSEX HOSPITALS NHS FOUNDATION TRUST","Acute - Large","No","No","SDAT not used",18.48512658,"-8%","19%",51.6,"19%","4. No Sustainable Development Management Plan","No"
,"RA3","WESTON AREA HEALTH NHS TRUST","Acute - Small","Yes","No","SDAT not used",4.63172964,"Data not available","6%",35.3,"6%","1. On track to meet target","No"
,"RKE","WHITTINGTON HEALTH NHS TRUST","Acute - Medium","No","No","SDAT not used",10.65218643,"Data not available","Data not available","Data not available","Data not available","4. No Sustainable Development Management Plan","No"
,"RY7","WIRRAL COMMUNITY NHS FOUNDATION TRUST","Community","Yes","Yes","SDAT not used",2.788106931,"Data not available","-42%",12.2,"-42%","1. On track to meet target","Yes"
,"RBL","WIRRAL UNIVERSITY TEACHING HOSPITAL NHS FOUNDATION TRUST","Acute - Teaching","No","No","Unpublished",19.15975352,"-32%","-4%",45.8,"-4%","4. No Sustainable Development Management Plan","No"
,"RWP","WORCESTERSHIRE ACUTE HOSPITALS NHS TRUST","Acute - Large","Yes","No","SDAT not used",23.79508893,"-17%","14%",56.2,"14%","2. Target included but not on track to be met","No"
,"R1A","WORCESTERSHIRE HEALTH AND CARE NHS TRUST","Community","Yes","No","SDAT not used",9.765942268,"-36%","-13%",19.1,"-13%","2. Target included but not on track to be met","No"
,"RRF","WRIGHTINGTON, WIGAN AND LEIGH NHS FOUNDATION TRUST","Acute - Medium","Yes","No","SDAT not used",17.1942736,"-22%","-47%",15.3,"-47%","3. No target included in plan","No"
,"RLQ","WYE VALLEY NHS TRUST","Acute - Small","No","No","Unpublished",10.28649726,"-23%","8%",34.2,"8%","4. No Sustainable Development Management Plan","No"
,"RA4","YEOVIL DISTRICT HOSPITAL NHS FOUNDATION TRUST","Acute - Small","No","Yes","SDAT not used",5.994390733,"-7%","-19%",26.8,"-19%","4. No Sustainable Development Management Plan","Yes"
,"RCB","YORK TEACHING HOSPITAL NHS FOUNDATION TRUST","Acute - Large","Yes","Yes","49%",27.53395133,"-31%","0%",39.9,"0%","2. Target included but not on track to be met","Yes"
,"RX8","YORKSHIRE AMBULANCE SERVICE NHS TRUST","Ambulance Trust","No","No","Unpublished",6.540155423,"Data not available","11%",9.2,"11%","4. No Sustainable Development Management Plan","No"
